palabra_id,idioma,nombre_localizado
42,en,Tintin
42,fr,Tintin
42,pt,Tintim
43,en,Asterix
44,en,Obelix
47,en,The Little Mermaid
47,fr,La Petite Sirène
47,pt,A Pequena Sereia
48,en,Smurfette
48,fr,La Schtroumpfette
48,pt,Smurfina
52,pt,Pato Donald
53,fr,Dingo
53,pt,Pateta
57,en,Cinderella
57,fr,Cendrillon
57,pt,Cinderela
58,en,Snow White
58,fr,Blanche-Neige
58,pt,Branca de Neve
60,en,Tinker Bell
60,fr,La Fée Clochette
60,pt,Sininho
63,en,SpongeBob SquarePants
63,fr,Bob l'éponge
63,pt,SpongeBob SquarePants
73,en,Captain America
73,fr,Captain America
73,pt,Capitão América
83,en,Dracula
83,fr,Dracula
85,en,Pinocchio
85,fr,Pinocchio
85,pt,Pinóquio
86,en,Little Red Riding Hood
86,fr,Le Petit Chaperon rouge
86,pt,Capuchinho Vermelho
93,en,The Fresh Prince of Bel-Air
93,fr,Le Prince de Bel-Air
93,pt,O Príncipe de Bel-Air
97,en,Dragon Ball
97,fr,Dragon Ball
97,pt,Dragon Ball
98,en,The Simpsons
98,fr,Les Simpson
98,pt,Os Simpsons
99,en,Money Heist
99,fr,La Casa de papel
99,pt,La Casa de Papel
100,en,Game of Thrones
100,fr,Game of Thrones
100,pt,A Guerra dos Tronos
105,en,Elite
105,pt,Elite
107,en,Lost
107,fr,Lost : Les Disparus
107,pt,Lost
116,en,Wednesday
116,fr,Mercredi
116,pt,Wednesday
125,en,The Lion King
125,fr,Le Roi Lion
125,pt,O Rei Leão
127,en,Back to the Future
127,fr,Retour vers le futur
127,pt,Regresso ao Futuro
132,en,Home Alone
132,fr,"Maman, j'ai raté l'avion !"
132,pt,Sozinho em Casa
137,en,The Godfather
137,fr,Le Parrain
137,pt,O Padrinho
139,en,Life Is Beautiful
139,fr,La vie est belle
139,pt,A Vida É Bela
146,en,The Mummy
146,fr,La Momie
146,pt,A Múmia
147,en,Pirates of the Caribbean
147,fr,Pirates des Caraïbes
147,pt,Piratas das Caraíbas
148,en,The Lord of the Rings
148,fr,Le Seigneur des anneaux
148,pt,O Senhor dos Anéis
149,en,The Incredibles
149,fr,Les Indestructibles
149,pt,Os Incríveis
152,en,Finding Nemo
152,fr,Le Monde de Nemo
152,pt,À Procura de Nemo
153,en,"Monsters, Inc."
153,fr,Monstres et Cie
153,pt,Monstros e Companhia
156,en,Beauty and the Beast
156,fr,La Belle et la Bête
156,pt,A Bela e o Monstro
157,en,Aladdin
157,fr,Aladdin
157,pt,Aladdin
158,en,Mulan
158,fr,Mulan
158,pt,Mulan
159,en,Moana
159,fr,Vaiana : La Légende du bout du monde
218,en,FIFA World Cup
218,fr,Coupe du monde de football
218,pt,Campeonato do Mundo de Futebol
219,en,Olympic Games
219,fr,Jeux olympiques
219,pt,Jogos Olímpicos
220,en,Mona Lisa
220,fr,La Joconde
220,pt,Mona Lisa
221,en,Guernica
221,fr,Guernica
221,pt,Guernica
222,en,The Scream
222,fr,Le Cri
222,pt,O Grito
223,fr,Les Ménines
223,pt,As Meninas
224,en,The Last Supper
224,fr,La Cène
224,pt,A Última Ceia
225,en,David
225,fr,David
225,pt,David
226,en,The Thinker
226,fr,Le Penseur
226,pt,O Pensador
227,en,Romeo and Juliet
227,fr,Roméo et Juliette
227,pt,Romeu e Julieta
238,en,Eiffel Tower
238,fr,Tour Eiffel
239,en,Sagrada Família
239,fr,Sagrada Família
239,pt,Sagrada Família
240,en,Statue of Liberty
240,fr,Statue de la Liberté
240,pt,Estátua da Liberdade
241,en,New York
241,fr,New York
241,pt,Nova Iorque
242,en,Paris
242,fr,Paris
242,pt,Paris
243,en,London
244,en,Rome
244,fr,Rome
247,en,Egypt
247,fr,Égypte
247,pt,Egito
248,en,Great Wall of China
248,fr,Grande Muraille de Chine
248,pt,Grande Muralha da China
282,en,Genie
282,fr,Génie
282,pt,Génio
284,en,Winnie-the-Pooh
284,fr,Winnie l'ourson
284,pt,Ursinho Pooh
287,en,101 Dalmatians
287,fr,Les 101 Dalmatiens
287,pt,101 Dálmatas
288,fr,Cruella d'Enfer
289,en,Maleficent
289,fr,Maléfique
290,en,Captain Hook
290,fr,Capitaine Crochet
290,pt,Capitão Gancho
291,en,Pumbaa
291,fr,Pumbaa
292,en,Timon
292,fr,Timon
292,pt,Timão
300,en,Dora the Explorer
300,fr,Dora l'exploratrice
300,pt,"Dora, a Exploradora"
302,en,Pocoyo
302,fr,Pocoyo
302,pt,Pocoyo
308,en,The A-Team
308,fr,L'Agence tous risques
308,pt,The A-Team
309,en,Baywatch
309,fr,Alerte à Malibu
309,pt,Baywatch
313,en,Desperate Housewives
313,fr,Desperate Housewives
313,pt,Donas de Casa Desesperadas
314,en,Sex and the City
314,fr,Sex and the City
314,pt,O Sexo e a Cidade
315,en,Grey's Anatomy
315,fr,Grey's Anatomy
315,pt,Anatomia de Grey
321,en,Bridgerton
321,fr,La Chronique des Bridgerton
321,pt,Bridgerton
325,en,Wrong Side of the Tracks
328,en,Cocaine Coast
329,en,Dogtanian and the Three Muskehounds
329,fr,D'Artacan et les Trois Mousquetaires
329,pt,Dartacão e os Três Moscãoteiros
331,en,Some Like It Hot
331,fr,Certains l'aiment chaud
331,pt,Quanto Mais Quente Melhor
332,en,Psycho
332,fr,Psychose
332,pt,Psico
333,en,The Shining
333,fr,Shining
333,pt,Shining
334,en,The Exorcist
334,fr,L'Exorciste
334,pt,O Exorcista
337,en,The Sixth Sense
337,fr,Sixième Sens
337,pt,O Sexto Sentido
338,en,The Silence of the Lambs
338,fr,Le Silence des agneaux
338,pt,O Silêncio dos Inocentes
341,en,The Last Samurai
341,fr,Le Dernier Samouraï
341,pt,O Último Samurai
345,pt,Homens de Negro
347,en,The Mask
347,fr,The Mask
347,pt,A Máscara
349,en,Dumb and Dumber
349,fr,Dumb and Dumber
349,pt,Doidos à Solta
352,en,Bridget Jones's Diary
352,fr,Le Journal de Bridget Jones
352,pt,O Diário de Bridget Jones
356,en,The Bodyguard
356,fr,Bodyguard
356,pt,O Guarda-Costas
449,en,Tour de France
449,fr,Tour de France
449,pt,Tour de France
457,fr,Vénus de Milo
457,pt,Vénus de Milo
472,en,Colosseum
472,fr,Colisée
472,pt,Coliseu de Roma
473,en,Pyramids of Giza
473,fr,Pyramides de Gizeh
473,pt,Pirâmides de Gizé
475,en,Christ the Redeemer
475,fr,Christ Rédempteur
476,en,Panama Canal
476,fr,Canal de Panama
476,pt,Canal do Panamá
477,en,Mount Everest
477,fr,mont Everest
477,pt,Monte Evereste
478,en,Sahara Desert
478,fr,désert du Sahara
478,pt,Deserto do Saara
479,en,Amazon
479,fr,Amazone
480,en,Canary Islands
480,fr,îles Canaries
480,pt,Ilhas Canárias
502,en,Aphrodite
502,fr,Aphrodite
502,pt,Afrodite
503,en,Hercules
503,fr,Hercule
505,en,Poseidon
505,fr,Poséidon
505,pt,Posídon
506,fr,Hadès
507,en,Cupid
507,fr,Cupidon
508,en,Planet of the Apes
508,fr,La Planète des singes
508,pt,O Planeta dos Macacos
509,en,2001: A Space Odyssey
509,fr,"2001, l'Odyssée de l'espace"
509,pt,2001: Odisseia no Espaço
510,en,Close Encounters of the Third Kind
510,fr,Rencontres du troisième type
510,pt,Encontros Imediatos do Terceiro Grau
515,en,Guardians of the Galaxy
515,fr,Les Gardiens de la Galaxie
515,pt,Guardiões da Galáxia
518,en,Captain Marvel
518,fr,Captain Marvel
518,pt,Capitão Marvel
522,en,Fantastic Four
522,fr,Les Quatre Fantastiques
522,pt,Quarteto Fantástico
524,en,Suicide Squad
524,fr,Suicide Squad
524,pt,Esquadrão Suicida
526,en,The Wizard of Oz
526,fr,Le Magicien d'Oz
526,pt,O Feiticeiro de Oz
527,en,The Sound of Music
527,fr,La Mélodie du bonheur
527,pt,Música no Coração
528,en,Singin' in the Rain
528,fr,Chantons sous la pluie
528,pt,Serenata à Chuva
530,en,The Greatest Showman
530,fr,The Greatest Showman
530,pt,O Grande Showman
532,en,Women on the Verge of a Nervous Breakdown
532,fr,Femmes au bord de la crise de nerfs
532,pt,Mulheres à Beira de um Ataque de Nervos
534,en,All About My Mother
534,fr,Tout sur ma mère
534,pt,Tudo sobre a Minha Mãe
535,en,Talk to Her
535,fr,Parle avec elle
535,pt,Fala com Ela
537,en,Open Your Eyes
537,fr,Ouvre les yeux
537,pt,Abre os Olhos
546,en,The Sopranos
546,fr,Les Soprano
546,pt,Os Sopranos
551,en,Squid Game
551,fr,Squid Game
551,pt,Squid Game
558,en,How I Met Your Mother
558,fr,How I Met Your Mother
558,pt,How I Met Your Mother
559,en,Two and a Half Men
559,fr,Mon oncle Charlie
559,pt,Dois Homens e Meio
574,en,The Pink Panther
574,fr,La Panthère rose
574,pt,A Pantera Cor-de-Rosa
578,en,Jaws
578,fr,Les Dents de la mer
578,pt,Tubarão
581,en,Tangled
581,fr,Raiponce
581,pt,Entrelaçados
582,en,The Jungle Book
582,fr,Le Livre de la jungle
582,pt,O Livro da Selva
583,en,Alice in Wonderland
583,fr,Alice au pays des merveilles
583,pt,Alice no País das Maravilhas
584,en,Snow White and the Seven Dwarfs
584,fr,Blanche-Neige et les Sept Nains
584,pt,Branca de Neve e os Sete Anões
585,en,Tarzan
585,fr,Tarzan
585,pt,Tarzan
586,en,The Nightmare Before Christmas
586,fr,L'Étrange Noël de monsieur Jack
586,pt,O Estranho Mundo de Jack
587,en,Edward Scissorhands
587,fr,Edward aux mains d'argent
587,pt,Eduardo Mãos de Tesoura
588,en,Charlie and the Chocolate Factory
588,fr,Charlie et la Chocolaterie
588,pt,Charlie e a Fábrica de Chocolate
589,en,The Hobbit
589,fr,Le Hobbit
589,pt,O Hobbit
590,en,The Chronicles of Narnia
590,fr,Le Monde de Narnia
590,pt,As Crónicas de Nárnia
592,en,Ghostbusters
592,fr,SOS Fantômes
592,pt,Os Caça-Fantasmas
593,en,Die Hard
593,fr,Piège de cristal
593,pt,Assalto ao Arranha-Céus
594,en,Inception
594,fr,Inception
594,pt,A Origem
595,en,The Fifth Element
595,fr,Le Cinquième Élément
595,pt,O Quinto Elemento
600,en,The Princess Bride
600,fr,Princess Bride
600,pt,A Princesa Prometida
601,en,When Harry Met Sally...
601,fr,Quand Harry rencontre Sally
601,pt,Um Amor Inevitável
602,en,The Notebook
602,fr,N'oublie jamais
602,pt,O Diário da Nossa Paixão
611,en,The Orphanage
611,fr,L'Orphelinat
611,pt,O Orfanato
613,en,The Sea Inside
613,pt,Mar Adentro
615,en,Society of the Snow
615,fr,Le Cercle des neiges
615,pt,A Sociedade da Neve
617,en,Pan's Labyrinth
617,fr,Le Labyrinthe de Pan
617,pt,O Labirinto do Fauno
618,en,The Others
618,fr,Les Autres
618,pt,Os Outros
620,en,The Invisible Guest
620,fr,The Invisible Guest
620,pt,Contratempo
623,en,Family Guy
623,fr,Les Griffin
623,pt,Family Guy
625,en,The Flintstones
625,fr,Les Pierrafeu
625,pt,Os Flintstones
626,en,The Jetsons
626,fr,Les Jetson
626,pt,Os Jetsons
627,en,Tom and Jerry
627,fr,Tom et Jerry
627,pt,Tom e Jerry
629,en,He-Man and the Masters of the Universe
629,fr,Musclor et les Maîtres de l'univers
629,pt,He-Man e os Mestres do Universo
630,en,Teenage Mutant Ninja Turtles
630,fr,Les Tortues Ninja
630,pt,Tartarugas Ninja
634,en,Attack on Titan
634,fr,L'Attaque des Titans
634,pt,Attack on Titan
636,en,Saint Seiya
636,fr,Les Chevaliers du Zodiaque
636,pt,Cavaleiros do Zodíaco
637,en,Captain Tsubasa
637,fr,Olive et Tom
637,pt,Captain Tsubasa
640,en,Maya the Bee
640,fr,Maya l'abeille
640,pt,Abelha Maia
646,en,Captain Haddock
646,fr,Capitaine Haddock
646,pt,Capitão Haddock
647,en,Papa Smurf
647,fr,Grand Schtroumpf
647,pt,Grande Smurf
651,en,Pegasus Seiya
651,fr,Seiya de Pégase
651,pt,Seiya de Pégaso
654,en,Princess Peach
654,fr,Princesse Peach
688,en,The Birth of Venus
688,fr,La Naissance de Vénus
688,pt,O Nascimento de Vénus
689,en,The Persistence of Memory
689,fr,La Persistance de la mémoire
689,pt,A Persistência da Memória
694,en,Hercule Poirot
694,fr,Hercule Poirot
694,pt,Hercule Poirot
697,en,Seville
697,fr,Séville
697,pt,Sevilha
698,fr,Valence
698,pt,Valência
700,fr,Saint-Jacques-de-Compostelle
704,en,Venice
704,fr,Venise
704,pt,Veneza
705,en,Tokyo
705,fr,Tokyo
705,pt,Tóquio
707,en,Disneyland Paris
707,fr,Disneyland Paris
707,pt,Disneyland Paris
710,en,The Sims
710,fr,Les Sims
710,pt,The Sims
717,en,Athena
717,fr,Athéna
717,pt,Atena
718,en,Pegasus
718,fr,Pégase
718,pt,Pégaso
719,en,Minotaur
719,fr,Minotaure
720,en,Achilles
720,fr,Achille
721,en,The Truman Show
721,fr,The Truman Show
721,pt,A Vida em Directo
722,en,Cast Away
722,fr,Seul au monde
723,en,Saving Private Ryan
723,fr,Il faut sauver le soldat Ryan
723,pt,O Resgate do Soldado Ryan
724,en,Schindler's List
724,fr,La Liste de Schindler
724,pt,A Lista de Schindler
726,en,Troy
726,fr,Troie
726,pt,Tróia
727,en,Angels & Demons
727,fr,Anges et Démons
727,pt,Anjos e Demónios
730,en,The Green Mile
730,fr,La Ligne verte
730,pt,À Espera de um Milagre
733,en,A Nightmare on Elm Street
733,fr,Les Griffes de la nuit
733,pt,Pesadelo em Elm Street
734,en,Friday the 13th
734,fr,Vendredi 13
734,pt,Sexta-Feira 13
735,en,The Thing
735,fr,The Thing
735,pt,A Coisa
736,en,Twilight
736,fr,Twilight
737,en,The Hunger Games
737,fr,Hunger Games
737,pt,Os Jogos da Fome
738,en,Divergent
739,en,The Secret in Their Eyes
739,fr,Dans ses yeux
739,pt,O Segredo dos Seus Olhos
740,en,Wild Tales
740,fr,Les Nouveaux Sauvages
740,pt,Relatos Selvagens
741,en,Spirited Away
741,fr,Le Voyage de Chihiro
741,pt,A Viagem de Chihiro
742,en,My Neighbor Totoro
742,fr,Mon voisin Totoro
742,pt,O Meu Vizinho Totoro
743,fr,Ponyo sur la falaise
743,pt,Ponyo à Beira-Mar
744,en,How to Train Your Dragon
744,fr,Dragons
744,pt,Como Treinares o Teu Dragão
745,en,Despicable Me
745,fr,"Moi, moche et méchant"
745,pt,Gru - O Maldisposto
746,en,The Croods
746,fr,Les Croods
746,pt,Os Croods
748,en,Hotel Transylvania
748,fr,Hôtel Transylvanie
748,pt,Hotel Transylvania
749,en,Howl's Moving Castle
749,fr,Le Château ambulant
749,pt,O Castelo Andante
751,en,The Hunchback of Notre Dame
751,fr,Le Bossu de Notre-Dame
751,pt,O Corcunda de Notre Dame
752,en,Lady and the Tramp
752,fr,La Belle et le Clochard
752,pt,A Dama e o Vagabundo
753,en,Sleeping Beauty
753,fr,La Belle au bois dormant
753,pt,A Bela Adormecida
754,en,The Aristocats
754,fr,Les Aristochats
754,pt,Os Aristogatos
755,en,Lilo & Stitch
755,fr,Lilo et Stitch
755,pt,Lilo e Stitch
757,en,Inside Out
757,fr,Vice-versa
757,pt,Divertida-Mente
761,en,The Prince of Egypt
761,fr,Le Prince d'Égypte
761,pt,O Príncipe do Egito
762,en,Spirit: Stallion of the Cimarron
762,fr,"Spirit, l'étalon des plaines"
762,pt,Spirit: Espírito Selvagem
766,en,Stand by Me
766,fr,Stand by Me
766,pt,Conta Comigo
768,en,Robin Hood: Prince of Thieves
768,fr,"Robin des Bois, prince des voleurs"
768,pt,Robin dos Bosques: Príncipe dos Ladrões
769,en,Coming to America
769,fr,Un prince à New York
769,pt,Um Príncipe em Nova Iorque
770,en,Bad Boys
770,fr,Bad Boys
770,pt,Bad Boys
771,en,The Big Lebowski
771,fr,The Big Lebowski
771,pt,O Grande Lebowski
772,en,Django Unchained
772,fr,Django Unchained
772,pt,Django Libertado
773,en,Once Upon a Time... in Hollywood
773,fr,Once Upon a Time... in Hollywood
773,pt,Era Uma Vez em... Hollywood
775,en,Fight Club
775,fr,Fight Club
775,pt,Clube de Combate
777,en,The Shawshank Redemption
777,fr,Les Évadés
777,pt,Os Condenados de Shawshank
779,en,Goodfellas
779,fr,Les Affranchis
779,pt,Tudo Bons Rapazes
782,en,Vertigo
782,fr,Sueurs froides
782,pt,A Mulher que Viveu Duas Vezes
783,en,Rear Window
783,fr,Fenêtre sur cour
783,pt,Janela Indiscreta
789,en,Catch Me If You Can
789,fr,Arrête-moi si tu peux
789,pt,Apanha-me Se Puderes
791,en,The Terminal
791,fr,Le Terminal
791,pt,O Terminal
792,en,The Devil Wears Prada
792,fr,Le Diable s'habille en Prada
792,pt,O Diabo Veste Prada
794,en,Thelma & Louise
794,fr,Thelma et Louise
794,pt,Thelma e Louise
795,en,Legally Blonde
795,fr,La Revanche d'une blonde
795,pt,Legalmente Loira
797,en,Mrs. Doubtfire
797,fr,Madame Doubtfire
797,pt,Papá para Sempre
799,en,The Hangover
799,fr,Very Bad Trip
799,pt,A Ressaca
803,en,V for Vendetta
803,fr,V pour Vendetta
803,pt,V de Vingança
805,en,Spartacus
805,fr,Spartacus
805,pt,Spartacus
806,en,The Great Dictator
806,fr,Le Dictateur
806,pt,O Grande Ditador
807,en,Modern Times
807,fr,Les Temps modernes
807,pt,Tempos Modernos
808,en,The Pianist
808,fr,Le Pianiste
808,pt,O Pianista
809,en,The King's Speech
809,fr,Le Discours d'un roi
809,pt,O Discurso do Rei
811,en,The Intouchables
811,fr,Intouchables
811,pt,Amigos Improváveis
813,en,Monty Python's Life of Brian
813,fr,La Vie de Brian
813,pt,A Vida de Brian
814,en,The Untouchables
814,fr,Les Incorruptibles
814,pt,Os Intocáveis
815,en,The Patriot
815,fr,The Patriot : Le Chemin de la liberté
815,pt,O Patriota
816,en,Apollo 13
816,fr,Apollo 13
816,pt,Apollo 13
819,en,Arrival
819,fr,Premier Contact
819,pt,O Primeiro Encontro
824,en,Wallace & Gromit
824,fr,Wallace et Gromit
824,pt,Wallace e Gromit
844,en,Saved by the Bell
844,fr,Sauvés par le gong
844,pt,Saved by the Bell
845,en,Family Matters
845,fr,La Vie de famille
845,pt,Family Matters
846,en,Knight Rider
846,fr,K 2000
846,pt,Knight Rider
847,en,Xena: Warrior Princess
847,fr,"Xena, la guerrière"
847,pt,Xena: A Princesa Guerreira
848,en,Hercules: The Legendary Journeys
848,fr,Hercule
848,pt,Hércules: As Viagens Lendárias
851,en,Heroes
851,fr,Heroes
851,pt,Heroes
861,en,Maid
861,fr,Maid
861,pt,Maid
1021,en,The Nude Maja
1021,fr,La Maja nue
1021,pt,A Maja Nua
1022,en,The Starry Night
1022,fr,La Nuit étoilée
1022,pt,A Noite Estrelada
1025,en,The Creation of Adam
1025,fr,La Création d'Adam
1025,pt,A Criação de Adão
1045,en,Lazarillo de Tormes
1045,fr,Lazarillo de Tormes
1045,pt,Lazarillo de Tormes
1048,en,Treasure Island
1048,fr,L'Île au trésor
1048,pt,A Ilha do Tesouro
1049,en,The Three Musketeers
1049,fr,Les Trois Mousquetaires
1049,pt,Os Três Mosqueteiros
1050,en,The Name of the Rose
1050,fr,Le Nom de la rose
1050,pt,O Nome da Rosa
1051,en,The Shadow of the Wind
1051,fr,L'Ombre du vent
1051,pt,A Sombra do Vento
1060,en,The House of the Spirits
1060,fr,La Maison aux esprits
1060,pt,A Casa dos Espíritos
1114,en,Pyramids of Egypt
1114,fr,Pyramides d'Égypte
1114,pt,Pirâmides do Egito
1118,en,Prado Museum
1118,fr,musée du Prado
1118,pt,Museu do Prado
1119,en,Canary Islands
1119,fr,îles Canaries
1119,pt,Ilhas Canárias
1120,en,Berlin
1120,fr,Berlin
1120,pt,Berlim
1121,en,Athens
1121,fr,Athènes
1122,en,Cairo
1122,fr,Le Caire
1122,pt,Cairo
1123,en,New Orleans
1123,fr,La Nouvelle-Orléans
1123,pt,Nova Orleães
1124,en,Los Angeles
1124,fr,Los Angeles
1124,pt,Los Angeles
1126,en,Rio de Janeiro
1126,fr,Rio de Janeiro
1126,pt,Rio de Janeiro
1128,en,Mexico City
1128,fr,Mexico
1128,pt,Cidade do México
1129,en,Havana
1129,fr,La Havane
1129,pt,Havana
1130,en,Sahara
1130,fr,Sahara
1130,pt,Saara
1132,en,Grand Canyon
1132,fr,Grand Canyon
1132,pt,Grand Canyon
1133,en,Niagara Falls
1133,fr,chutes du Niagara
1133,pt,Cataratas do Niágara
1134,en,Iguazu Falls
1134,fr,chutes d'Iguazú
1134,pt,Cataratas do Iguaçu
1136,en,Berlin Wall
1136,fr,mur de Berlin
1136,pt,Muro de Berlim
1139,en,Brooklyn Bridge
1139,fr,pont de Brooklyn
1139,pt,Ponte de Brooklyn
1141,en,Santiago Bernabéu Stadium
1141,fr,stade Santiago-Bernabéu
1141,pt,Estádio Santiago Bernabéu
1158,en,Loch Ness
1158,fr,loch Ness
1159,en,Norwegian fjords
1159,fr,fjords norvégiens
1159,pt,fiordes noruegueses
1160,en,Mount Fuji
1160,fr,mont Fuji
1161,en,Beijing
1161,fr,Pékin
1161,pt,Pequim
1162,en,Shanghai
1162,fr,Shanghai
1162,pt,Xangai
1163,en,Seoul
1163,fr,Séoul
1163,pt,Seul
1166,en,Sydney
1166,fr,Sydney
1166,pt,Sydney
1168,en,Cape Town
1168,fr,Le Cap
1168,pt,Cidade do Cabo
1169,en,Dubai
1169,fr,Dubaï
1169,pt,Dubai
1170,en,Istanbul
1170,fr,Istanbul
1170,pt,Istambul
1171,en,Prague
1171,fr,Prague
1172,en,Vienna
1172,fr,Vienne
1173,en,Amsterdam
1173,fr,Amsterdam
1173,pt,Amesterdão
1174,en,Brussels
1174,fr,Bruxelles
1174,pt,Bruxelas
1175,en,Lisbon
1175,fr,Lisbonne
1176,en,Dublin
1176,fr,Dublin
1176,pt,Dublin
1177,en,Edinburgh
1177,fr,Édimbourg
1178,en,Monaco
1178,fr,Monaco
1179,en,Corsica
1179,fr,Corse
1179,pt,Córsega
1181,en,Sicily
1181,fr,Sicile
1181,pt,Sicília
1274,en,Operation
1274,fr,Docteur Maboul
1274,pt,Operação
1275,en,Battleship
1275,fr,Bataille navale
1275,pt,Batalha Naval
1277,en,Guess Who?
1277,fr,Qui est-ce ?
1277,pt,Quem é Quem?
1279,en,Rubik's Cube
1279,fr,Rubik's Cube
1281,en,Dominoes
1281,fr,Dominos
1282,en,Chess
1282,fr,Échecs
1282,pt,Xadrez
1283,en,Checkers
1283,fr,Dames
1284,en,Parcheesi
1284,fr,Pachisi
1284,pt,Pachisi
1288,fr,Arès
1289,en,Apollo
1289,fr,Apollon
1290,en,Artemis
1290,fr,Artémis
1290,pt,Ártemis
1291,fr,Hermès
1293,fr,Héra
1294,en,Demeter
1294,fr,Déméter
1296,en,Valkyrie
1296,fr,Valkyrie
1296,pt,Valquíria
1297,pt,Anúbis
1298,fr,Rê
1298,pt,Rá
1299,pt,Ísis
1300,pt,Osíris
1302,en,Quetzalcoatl
1304,fr,Yéti
1304,pt,Iéti
1306,en,Mermaid
1306,fr,Sirène
1306,pt,Sereia
1307,en,Centaur
1307,fr,Centaure
1308,en,Unicorn
1308,fr,Licorne
1308,pt,Unicórnio
1309,en,Phoenix
1309,fr,Phénix
1310,en,Dragon
1310,fr,Dragon
1310,pt,Dragão
1311,en,Griffin
1311,fr,Griffon
1312,en,Sphinx
1312,fr,Sphinx
1314,en,Hydra
1314,fr,Hydre
1315,en,Cerberus
1315,fr,Cerbère
1315,pt,Cérbero
1317,en,Narcissus
1317,fr,Narcisse
1318,en,Icarus
1318,fr,Icare
1320,en,Prometheus
1320,fr,Prométhée
1320,pt,Prometeu
1321,en,Orpheus
1321,fr,Orphée
1321,pt,Orfeu
1322,en,Eurydice
1322,fr,Eurydice
1323,en,Odysseus
1323,fr,Ulysse
1323,pt,Ulisses
1324,en,Penelope
1324,fr,Pénélope
1325,fr,Circé
1326,en,Mount Olympus
1326,fr,Olympe
1328,fr,Atlantide
1328,pt,Atlântida
1337,en,The Sixth Sense
1337,fr,Sixième Sens
1337,pt,O Sexto Sentido
1344,en,Meet the Parents
1344,fr,Mon beau-père et moi
1344,pt,Um Sogro do Pior
1345,en,The Curious Case of Benjamin Button
1345,fr,L'Étrange Histoire de Benjamin Button
1345,pt,O Estranho Caso de Benjamin Button
1346,en,The Usual Suspects
1346,fr,Usual Suspects
1346,pt,Os Suspeitos do Costume
1349,en,Dunkirk
1349,pt,Dunquerque
1351,en,Lethal Weapon
1351,fr,L'Arme fatale
1351,pt,Arma Mortífera
1361,en,Phineas and Ferb
1361,fr,Phinéas et Ferb
1361,pt,Phineas e Ferb
1362,en,Adventure Time
1362,fr,Adventure Time
1362,pt,Hora de Aventuras
1367,en,Cable Girls
1367,fr,Les Demoiselles du téléphone
1367,pt,As Telefonistas
1369,en,The Mysteries of Laura
1369,fr,Les Mystères de Laura
1369,pt,Os Mistérios de Laura
1373,en,"Beverly Hills, 90210"
1373,fr,Beverly Hills 90210
1373,pt,"Beverly Hills, 90210"
1389,en,Mediterranean Sea
1389,fr,mer Méditerranée
1389,pt,Mar Mediterrâneo
1401,en,Inter Milan
1401,fr,Inter Milan
1401,pt,Inter de Milão
1406,en,Spain
1406,fr,Espagne
1406,pt,Espanha
1411,en,Giro d'Italia
1411,fr,Tour d'Italie
1411,pt,Giro d'Italia
1412,fr,Tour d'Espagne
1412,pt,Volta a Espanha
1416,en,Masters Tournament
1416,fr,Masters d'Augusta
1419,en,Triathlon
1419,fr,Triathlon
1419,pt,Triatlo
1420,en,Ballon d'Or
1420,fr,Ballon d'Or
1420,pt,Bola de Ouro
1427,en,Tweety
1427,fr,Titi
1427,pt,Piu-Piu
1430,en,Geralt of Rivia
1430,fr,Geralt de Riv
1442,en,Ursula
1442,fr,Ursula
1457,en,Hansel and Gretel
1457,fr,Hansel et Gretel
1457,pt,Hansel e Gretel
1459,en,Ali Baba
1459,fr,Ali Baba
1459,pt,Ali Babá
1460,en,One Thousand and One Nights
1460,fr,Les Mille et Une Nuits
1460,pt,As Mil e Uma Noites
1462,en,The Picture of Dorian Gray
1462,fr,Le Portrait de Dorian Gray
1462,pt,O Retrato de Dorian Gray
1463,en,Animal Farm
1463,fr,La Ferme des animaux
1463,pt,O Triunfo dos Porcos
1464,en,The Pillars of the Earth
1464,fr,Les Piliers de la Terre
1464,pt,Os Pilares da Terra
1466,en,Calvin and Hobbes
1466,fr,Calvin et Hobbes
1466,pt,Calvin e Hobbes
1480,en,The Garden of Earthly Delights
1480,fr,Le Jardin des délices
1480,pt,O Jardim das Delícias Terrenas
1481,en,Liberty Leading the People
1481,fr,La Liberté guidant le peuple
1481,pt,A Liberdade Guiando o Povo
1482,en,The Kiss
1482,fr,Le Baiser
1482,pt,O Beijo
1483,en,"Impression, Sunrise"
1483,fr,"Impression, soleil levant"
1483,pt,"Impressão, nascer do sol"
1484,en,The Burial of the Count of Orgaz
1484,fr,L'Enterrement du comte d'Orgaz
1484,pt,O Enterro do Conde de Orgaz
1485,en,The Surrender of Breda
1485,fr,La Reddition de Bréda
1485,pt,A Rendição de Breda
1486,en,Venus de Milo
1486,fr,Vénus de Milo
1486,pt,Vénus de Milo
1487,en,Pietà
1487,fr,Pietà
1487,pt,Pietà
1501,en,French Revolution
1501,fr,Révolution française
1501,pt,Revolução Francesa
1502,en,World War I
1502,fr,Première Guerre mondiale
1502,pt,Primeira Guerra Mundial
1503,en,World War II
1503,fr,Seconde Guerre mondiale
1504,en,Cold War
1504,fr,Guerre froide
1504,pt,Guerra Fria
1505,en,Moon landing
1505,fr,Alunissage
1505,pt,Chegada à Lua
1506,en,Fall of the Western Roman Empire
1506,fr,Chute de l'Empire romain d'Occident
1506,pt,Queda do Império Romano do Ocidente
1507,en,Renaissance
1507,fr,Renaissance
1507,pt,Renascimento
1508,en,Ancient Egypt
1508,fr,Égypte antique
1508,pt,Antigo Egito
1509,en,Roman Empire
1509,fr,Empire romain
1509,pt,Império Romano
1510,en,Aztec Empire
1510,fr,Empire aztèque
1510,pt,Império Asteca
1511,en,Inca Empire
1511,fr,Empire inca
1511,pt,Império Inca
1512,en,Conquest of Granada
1512,fr,Conquête de Grenade
1514,en,Normandy landings
1514,fr,Débarquement de Normandie
1514,pt,Desembarque da Normandia
1515,en,Battle of Waterloo
1515,fr,bataille de Waterloo
1515,pt,Batalha de Waterloo
1516,en,Battle of Trafalgar
1516,fr,bataille de Trafalgar
1516,pt,Batalha de Trafalgar
1517,en,Thermopylae
1517,fr,Thermopyles
1520,en,Parthenon
1520,fr,Parthénon
1520,pt,Parténon
1521,en,Arc de Triomphe
1521,fr,Arc de Triomphe
1521,pt,Arco do Triunfo
1522,en,Great Wall of China
1522,fr,Grande Muraille de Chine
1522,pt,Grande Muralha da China
1523,en,Palace of Versailles
1523,fr,château de Versailles
1523,pt,Palácio de Versalhes
1524,en,Notre-Dame Cathedral
1524,fr,cathédrale Notre-Dame de Paris
1524,pt,Catedral de Notre-Dame
1545,fr,Chemins de Compostelle
1545,pt,Caminho de Santiago
1546,en,Nile
1546,fr,Nil
1547,pt,Evereste
1548,en,Alps
1550,en,Victoria Falls
1550,fr,chutes Victoria
1550,pt,Cataratas Vitória
1551,en,Arctic
1551,fr,Arctique
1552,en,South Pole
1552,fr,pôle Sud
1552,pt,Polo Sul
1557,fr,Bogota
1559,en,Florence
1559,fr,Florence
1559,pt,Florença
1560,en,Porto
1560,fr,Porto
1560,pt,Porto
1562,en,Jerusalem
1562,fr,Jérusalem
1562,pt,Jerusalém
1563,en,Kyoto
1563,fr,Kyoto
1563,pt,Quioto
1565,en,Kathmandu
1565,fr,Katmandou
1565,pt,Catmandu
1568,en,Caribbean
1568,fr,Caraïbes
1568,pt,Caraíbas
1595,en,Hephaestus
1595,fr,Héphaïstos
1596,en,Theseus
1596,fr,Thésée
1596,pt,Teseu
1597,en,Werewolf
1597,fr,Loup-garou
1597,pt,Lobisomem
1598,en,Mummy
1598,fr,Momie
1598,pt,Múmia
1599,en,Zombie
1599,fr,Zombie
1599,pt,Zombie
1600,en,Goblin
1600,fr,Lutin
1601,en,Gnome
1601,fr,Gnome
1602,en,Ogre
1602,fr,Ogre
1604,en,Witch
1604,fr,Sorcière
1604,pt,Bruxa
1605,en,Wizard
1605,fr,Magicien
1768,en,Night at the Museum
1768,fr,La Nuit au musée
1768,pt,À Noite no Museu
1773,en,Sabrina the Teenage Witch
1773,fr,"Sabrina, l'apprentie sorcière"
1773,pt,"Sabrina, a Bruxinha Adolescente"
1774,en,Daffy Duck
1774,fr,Daffy Duck
1774,pt,Patolino
1776,en,Squidward Tentacles
1776,fr,Carlo Tentacule
1776,pt,Lula Molusco
1781,en,Pepé Le Pew
1781,fr,Pépé le putois
1782,en,Road Runner
1782,fr,Bip Bip
1782,pt,Papa-Léguas
1783,en,Wile E. Coyote
1783,pt,Coiote
1784,en,Woody Woodpecker
1784,fr,Woody Woodpecker
1784,pt,Pica-Pau
1785,en,Snowy
1785,fr,Milou
1785,pt,Milu
1786,en,Bob the Builder
1786,fr,Bob le bricoleur
1786,pt,"Bob, o Construtor"
1787,en,Thomas the Tank Engine
1787,fr,Thomas et ses amis
1787,pt,Thomas e os Seus Amigos
1788,en,Princess Leia
1788,fr,Princesse Leia
1792,en,Zorro
1792,fr,Zorro
1792,pt,Zorro
1793,en,The Evil Queen
1793,fr,La Méchante Reine
1793,pt,Rainha Má
1830,en,Don Quixote
1830,fr,Don Quichotte
1830,pt,Dom Quixote
1833,en,One Hundred Years of Solitude
1833,fr,Cent ans de solitude
1833,pt,Cem Anos de Solidão
1834,en,Love in the Time of Cholera
1834,fr,L'Amour aux temps du choléra
1834,pt,O Amor nos Tempos de Cólera
1836,en,Pride and Prejudice
1836,fr,Orgueil et Préjugés
1836,pt,Orgulho e Preconceito
1839,en,Brave New World
1839,fr,Le Meilleur des mondes
1839,pt,Admirável Mundo Novo
1840,en,Twenty Thousand Leagues Under the Seas
1840,fr,Vingt Mille Lieues sous les mers
1840,pt,Vinte Mil Léguas Submarinas
1841,en,Journey to the Center of the Earth
1841,fr,Voyage au centre de la Terre
1841,pt,Viagem ao Centro da Terra
1842,en,The Old Man and the Sea
1842,fr,Le Vieil Homme et la Mer
1842,pt,O Velho e o Mar
1843,en,The Great Gatsby
1843,fr,Gatsby le Magnifique
1843,pt,O Grande Gatsby
1844,en,Crime and Punishment
1844,fr,Crime et Châtiment
1844,pt,Crime e Castigo
1845,en,Anna Karenina
1845,fr,Anna Karénine
1845,pt,Anna Karenina
1846,en,War and Peace
1846,fr,Guerre et Paix
1846,pt,Guerra e Paz
1847,en,Les Misérables
1847,fr,Les Misérables
1847,pt,Os Miseráveis
1848,en,Perfume
1848,fr,Le Parfum
1848,pt,O Perfume
1866,en,Hieronymus Bosch
1866,fr,Jérôme Bosch
1866,pt,Hieronymus Bosch
1877,fr,Palma de Majorque
1877,pt,Palma de Maiorca
1885,en,Copenhagen
1885,pt,Copenhaga
1886,en,Stockholm
1886,fr,Stockholm
1897,en,Mumbai
1897,pt,Bombaim
1898,en,Marrakesh
1898,pt,Marraquexe
1900,en,Johannesburg
1900,fr,Johannesburg
1900,pt,Joanesburgo
1901,en,Trevi Fountain
1901,fr,fontaine de Trevi
1901,pt,Fonte de Trevi
1902,en,Leaning Tower of Pisa
1902,fr,tour de Pise
1904,en,Golden Gate Bridge
1904,fr,pont du Golden Gate
1904,pt,Ponte Golden Gate
1905,en,The Pentagon
1905,fr,Pentagone
1906,en,Mount Rushmore
1906,fr,mont Rushmore
1907,en,Forbidden City
1907,fr,Cité interdite
1907,pt,Cidade Proibida
1908,en,Sydney Opera House
1908,fr,Opéra de Sydney
1908,pt,Ópera de Sydney
1911,en,Dead Sea
1911,fr,mer Morte
1911,pt,Mar Morto
1912,en,Galápagos Islands
1912,fr,îles Galápagos
1912,pt,Ilhas Galápagos
1916,en,British Museum
1916,fr,British Museum
1916,pt,Museu Britânico
1919,en,Area 51
1919,fr,Zone 51
1921,en,Orangutan
1921,fr,Orang-outan
1921,pt,Orangotango
1922,en,Lynx
1922,fr,Lynx
1923,en,Bat
1923,fr,Chauve-souris
1923,pt,Morcego
1924,en,Squid
1924,fr,Calmar
1924,pt,Lula
1925,en,Falcon
1925,fr,Faucon
1925,pt,Falcão
1926,en,Caiman
1926,fr,Caïman
1926,pt,Caimão
1927,en,Wasp
1927,fr,Guêpe
1927,pt,Vespa
1928,en,Grasshopper
1928,fr,Sauterelle
1928,pt,Gafanhoto
1929,en,Worm
1929,fr,Ver
1929,pt,Verme
1943,en,Game of the Goose
1943,fr,Jeu de l'oie
1943,pt,Jogo do Ganso
1945,en,Playing cards
1945,fr,Cartes à jouer
1950,en,Solitaire
1950,fr,Solitaire
1950,pt,Paciência
1958,en,Dionysus
1958,fr,Dionysos
1960,en,Cyclops
1960,fr,Cyclope
1960,pt,Ciclope
1961,en,Chimera
1961,fr,Chimère
1986,en,United Kingdom
1986,fr,Royaume-Uni
1987,en,Ireland
1987,fr,Irlande
1988,en,Iceland
1988,fr,Islande
1988,pt,Islândia
1989,en,Norway
1989,fr,Norvège
1990,en,Sweden
1990,fr,Suède
1990,pt,Suécia
1991,en,Finland
1991,fr,Finlande
1991,pt,Finlândia
1992,en,Denmark
1992,fr,Danemark
1993,en,Netherlands
1993,fr,Pays-Bas
1993,pt,Países Baixos
1994,en,Belgium
1994,fr,Belgique
1995,en,Switzerland
1995,fr,Suisse
1995,pt,Suíça
1996,fr,Autriche
1996,pt,Áustria
1997,en,Poland
1997,fr,Pologne
1997,pt,Polónia
1998,en,Czechia
1998,fr,Tchéquie
1998,pt,Chéquia
1999,en,Greece
1999,fr,Grèce
1999,pt,Grécia
2000,en,Croatia
2000,fr,Croatie
2000,pt,Croácia
2001,en,Romania
2001,fr,Roumanie
2001,pt,Roménia
2002,fr,Bulgarie
2002,pt,Bulgária
2003,en,Hungary
2003,fr,Hongrie
2003,pt,Hungria
2004,en,Ukraine
2004,fr,Ukraine
2004,pt,Ucrânia
2005,en,Russia
2005,fr,Russie
2005,pt,Rússia
2006,en,Türkiye
2006,fr,Turquie
2006,pt,Turquia
2007,en,United States
2007,fr,États-Unis
2008,en,Canada
2008,fr,Canada
2009,en,Mexico
2009,fr,Mexique
2011,en,Dominican Republic
2011,fr,République dominicaine
2012,fr,Chili
2013,en,Peru
2013,fr,Pérou
2013,pt,Peru
2014,fr,Colombie
2014,pt,Colômbia
2016,fr,Équateur
2016,pt,Equador
2017,fr,Bolivie
2017,pt,Bolívia
2018,pt,Uruguai
2019,pt,Paraguai
2020,fr,Australie
2020,pt,Austrália
2021,en,Japan
2021,fr,Japon
2021,pt,Japão
2022,fr,Chine
2023,en,South Korea
2023,fr,Corée du Sud
2023,pt,Coreia do Sul
2024,fr,Inde
2024,pt,Índia
2025,en,Thailand
2025,fr,Thaïlande
2025,pt,Tailândia
2026,fr,Viêt Nam
2026,pt,Vietname
2027,fr,Indonésie
2027,pt,Indonésia
2028,en,Philippines
2028,fr,Philippines
2029,en,Morocco
2029,fr,Maroc
2029,pt,Marrocos
2030,en,Algeria
2030,fr,Algérie
2030,pt,Argélia
2031,en,Tunisia
2031,fr,Tunisie
2031,pt,Tunísia
2032,en,South Africa
2032,fr,Afrique du Sud
2032,pt,África do Sul
2033,en,Kenya
2033,fr,Kenya
2033,pt,Quénia
2034,pt,Nigéria
2035,en,Ethiopia
2035,fr,Éthiopie
2035,pt,Etiópia
2036,fr,Israël
2037,en,Saudi Arabia
2037,fr,Arabie saoudite
2037,pt,Arábia Saudita
2038,en,United Arab Emirates
2038,fr,Émirats arabes unis
2038,pt,Emirados Árabes Unidos
2073,en,The Little Prince
2073,fr,Le Petit Prince
2073,pt,O Principezinho
2074,en,The Da Vinci Code
2074,fr,Da Vinci Code
2074,pt,O Código Da Vinci
2078,en,Patrick Star
2078,fr,Patrick Étoile de mer
2078,pt,Patrick Estrela
2089,en,The House of Flowers
2089,pt,A Casa das Flores
2099,en,The Goonies
2099,fr,Les Goonies
2099,pt,Os Goonies
2100,en,Predator
2100,fr,Predator
2100,pt,Predador
2102,en,Nineteen Eighty-Four
2103,en,The Odyssey
2103,fr,L'Odyssée
2103,pt,A Odisseia
2104,en,The Divine Comedy
2104,fr,La Divine Comédie
2104,pt,A Divina Comédia
2115,en,The X-Files
2115,fr,X-Files
2115,pt,Ficheiros Secretos
2117,en,Dynasty
2117,fr,Dynastie
2117,pt,Dinastia
2119,en,Bewitched
2119,fr,Ma sorcière bien-aimée
2119,pt,Casei com uma Feiticeira
2120,en,George and Mildred
2120,fr,George et Mildred
2120,pt,George e Mildred
2122,en,Sons of Anarchy
2122,fr,Sons of Anarchy
2122,pt,Sons of Anarchy
2135,en,Lawrence of Arabia
2135,fr,Lawrence d'Arabie
2135,pt,Lawrence da Arábia
2137,en,The Apartment
2137,fr,La Garçonnière
2137,pt,O Apartamento
2139,en,Fame
2139,fr,Fame
2179,en,The Tudors
2179,fr,Les Tudors
2179,pt,Os Tudors
2182,en,The Falcon and the Winter Soldier
2182,fr,Falcon et le Soldat de l'Hiver
2182,pt,O Falcão e o Soldado do Inverno
2184,en,Agents of S.H.I.E.L.D.
2184,fr,Marvel : Les Agents du SHIELD
2184,pt,Agents of S.H.I.E.L.D.
2185,en,The IT Crowd
2185,fr,The IT Crowd
2185,pt,The IT Crowd
2187,en,Will & Grace
2187,fr,Will et Grace
2187,pt,Will & Grace
2195,en,Atlantis: The Lost Empire
2195,fr,"Atlantide, l'empire perdu"
2195,pt,Atlantis: O Continente Perdido
2196,en,Treasure Planet
2196,fr,La Planète au trésor
2196,pt,O Planeta do Tesouro
2198,en,Once Upon a Time... Man
2198,fr,Il était une fois… l'Homme
2198,pt,Era uma Vez... o Homem
2206,en,Corto Maltese
2206,fr,Corto Maltese
2206,pt,Corto Maltese
2210,en,New Delhi
2210,fr,New Delhi
2210,pt,Nova Deli
2211,en,Odysseus
2211,fr,Ulysse
2211,pt,Odisseu
2213,en,Orphan
2213,fr,Esther
2213,pt,A Órfã
2215,en,The Maze Runner
2215,fr,Le Labyrinthe
2215,pt,Maze Runner: Correr ou Morrer
2217,en,Princess Mononoke
2217,fr,Princesse Mononoké
2217,pt,Princesa Mononoke
2218,en,The Iron Giant
2218,fr,Le Géant de fer
2218,pt,O Gigante de Ferro
2219,en,Oliver & Company
2219,fr,Oliver et Compagnie
2219,pt,Oliver e Companhia
2220,en,The Emperor's New Groove
2220,fr,"Kuzco, l'empereur mégalo"
2220,pt,Pacha e o Imperador
2222,en,The Good Dinosaur
2222,fr,Le Voyage d'Arlo
2222,pt,A Viagem de Arlo
2223,en,Monsters vs. Aliens
2223,fr,Monstres contre Aliens
2223,pt,Monstros vs. Aliens
2226,en,The Mitchells vs. the Machines
2226,fr,Les Mitchell contre les machines
2226,pt,Os Mitchell Contra as Máquinas
2231,en,Breakfast at Tiffany's
2231,fr,Diamants sur canapé
2231,pt,Bonequinha de Luxo
2236,en,A Clockwork Orange
2236,fr,Orange mécanique
2236,pt,Laranja Mecânica
2239,en,Zootopia
2239,fr,Zootopie
2244,en,Rick and Morty
2244,fr,Rick et Morty
2244,pt,Rick e Morty
2245,en,House of the Dragon
2245,fr,House of the Dragon
2245,pt,A Casa do Dragão
2258,en,Bayern Munich
2258,fr,Bayern Munich
2258,pt,Bayern de Munique
2261,en,Brazil
2261,fr,Brésil
2262,en,France
2262,fr,France
2262,pt,França
2263,en,England
2263,fr,Angleterre
2267,en,Formula One
2267,fr,Formule 1
2268,en,Marathon
2268,fr,Marathon
2268,pt,Maratona
2269,en,European Golden Shoe
2269,fr,Soulier d'or européen
2269,pt,Bota de Ouro
2272,en,Sylvester
2272,fr,Grosminet
2273,en,Bilbo Baggins
2273,fr,Bilbon Sacquet
2273,pt,Bilbo Baggins
2279,en,Belle
2279,fr,Belle
2279,pt,Bela
2280,en,Dirty Harry
2280,fr,L'Inspecteur Harry
2280,pt,"Harry, o Implacável"
2286,en,The Count of Monte Cristo
2286,fr,Le Comte de Monte-Cristo
2286,pt,O Conde de Monte Cristo
2288,en,The Pied Piper of Hamelin
2288,fr,Le Joueur de flûte de Hamelin
2288,pt,O Flautista de Hamelin
2290,en,Dr Jekyll and Mr Hyde
2290,fr,Dr Jekyll et M. Hyde
2290,pt,Dr. Jekyll e Mr. Hyde
2292,en,The Smurfs
2292,fr,Les Schtroumpfs
2292,pt,Os Estrumpfes
2300,en,Girl with a Pearl Earring
2300,fr,La Jeune Fille à la perle
2300,pt,Rapariga com Brinco de Pérola
2302,en,The Nobleman with his Hand on his Chest
2302,fr,Le Gentilhomme à la main sur la poitrine
2302,pt,O Cavaleiro com a Mão no Peito
2303,en,The Kiss
2303,fr,Le Baiser
2303,pt,O Beijo
2310,en,Industrial Revolution
2310,fr,Révolution industrielle
2310,pt,Revolução Industrial
2312,en,Discovery of America
2312,fr,Découverte de l'Amérique
2312,pt,Descobrimento da América
2313,en,Middle Ages
2313,fr,Moyen Âge
2313,pt,Idade Média
2314,en,Greek Empire
2314,fr,Empire grec
2314,pt,Império Grego
2315,en,Crusades
2315,fr,Croisades
2316,en,Treaty of Versailles
2316,fr,traité de Versailles
2316,pt,Tratado de Versalhes
2318,en,Pompeii
2318,fr,Pompéi
2318,pt,Pompeia
2319,en,Colosseum
2319,fr,Colisée
2319,pt,Coliseu
2320,en,Brandenburg Gate
2320,fr,porte de Brandebourg
2320,pt,Porta de Brandemburgo
2321,en,Neuschwanstein Castle
2321,fr,château de Neuschwanstein
2321,pt,Castelo de Neuschwanstein
2331,en,Pyrenees
2331,fr,Pyrénées
2331,pt,Pirenéus
2332,en,Atlantic Ocean
2332,fr,océan Atlantique
2332,pt,Oceano Atlântico
2333,en,Himalayas
2333,pt,Himalaias
2334,en,Niagara
2334,fr,Niagara
2335,en,North Pole
2335,fr,pôle Nord
2337,en,Cancun
2338,en,Santiago
2338,fr,Santiago du Chili
2338,pt,Santiago do Chile
2339,en,Milan
2339,fr,Milan
2339,pt,Milão
2340,en,Moscow
2340,fr,Moscou
2340,pt,Moscovo
2343,en,Hawaii
2343,fr,Hawaï
2343,pt,Havai
2355,en,Perseus
2355,fr,Persée
2355,pt,Perseu
2356,en,Vampire
2356,fr,Vampire
2357,en,Fairy
2357,fr,Fée
2357,pt,Fada
2358,en,Elf
2358,fr,Elfe
2359,en,Orc
2359,fr,Orque
2359,pt,Orc
2360,en,Merlin
2360,fr,Merlin
2360,pt,Merlim
2365,en,Byzantine Empire
2365,fr,Empire byzantin
2365,pt,Império Bizantino
2366,en,Ottoman Empire
2366,fr,Empire ottoman
2366,pt,Império Otomano
2367,en,Mongol Empire
2367,fr,Empire mongol
2367,pt,Império Mongol
2368,en,Maya civilization
2368,fr,civilisation maya
2368,pt,Civilização Maia
2369,en,D-Day
2369,fr,Jour J
2369,pt,Dia D
2370,en,Fall of the Berlin Wall
2370,fr,Chute du mur de Berlin
2370,pt,Queda do Muro de Berlim
2371,en,Sinking of the Titanic
2371,fr,Naufrage du Titanic
2371,pt,Naufrágio do Titanic
2414,en,Afghanistan
2414,fr,Afghanistan
2414,pt,Afeganistão
2416,en,Anguilla
2416,fr,Anguilla
2417,en,Åland Islands
2417,fr,Îles Åland
2417,pt,Alanda
2418,fr,Albanie
2418,pt,Albânia
2419,fr,Andorre
2421,fr,Arménie
2421,pt,Arménia
2422,en,American Samoa
2422,fr,Samoa américaines
2423,en,Antarctica
2423,fr,Antarctique
2424,en,French Southern Territories
2424,fr,Terres australes françaises
2424,pt,Territórios Austrais Franceses
2425,en,Antigua & Barbuda
2425,fr,Antigua-et-Barbuda
2425,pt,Antígua e Barbuda
2426,en,Azerbaijan
2426,fr,Azerbaïdjan
2426,pt,Azerbaijão
2429,en,Benin
2429,fr,Bénin
2429,pt,Benim
2430,en,Caribbean Netherlands
2430,fr,Pays-Bas caribéens
2430,pt,Países Baixos Caribenhos
2431,pt,Burquina Faso
2432,en,Bangladesh
2432,fr,Bangladesh
2432,pt,Bangladeche
2433,en,Bahrain
2433,fr,Bahreïn
2433,pt,Barém
2434,pt,Baamas
2435,en,Bosnia & Herzegovina
2435,fr,Bosnie-Herzégovine
2435,pt,Bósnia e Herzegovina
2436,en,St. Barthélemy
2436,fr,Saint-Barthélemy
2436,pt,São Bartolomeu
2437,en,Belarus
2437,fr,Biélorussie
2437,pt,Bielorrússia
2438,en,Belize
2438,fr,Belize
2438,pt,Belize
2439,en,Bermuda
2439,fr,Bermudes
2442,fr,Barbade
2443,en,Brunei
2443,fr,Brunei
2443,pt,Brunei
2444,en,Bhutan
2444,fr,Bhoutan
2444,pt,Butão
2445,en,Bouvet Island
2445,fr,Île Bouvet
2445,pt,Ilha Bouvet
2446,en,Botswana
2446,fr,Botswana
2447,en,Central African Republic
2447,fr,République centrafricaine
2447,pt,República Centro-Africana
2448,en,Cocos (Keeling) Islands
2448,fr,Îles Cocos
2448,pt,Ilhas dos Cocos (Keeling)
2450,en,Côte d’Ivoire
2450,fr,Côte d’Ivoire
2450,pt,Côte d’Ivoire (Costa do Marfim)
2451,en,Cameroon
2451,fr,Cameroun
2451,pt,Camarões
2452,en,Congo - Kinshasa
2452,fr,Congo-Kinshasa
2452,pt,Congo-Kinshasa
2453,en,Congo - Brazzaville
2453,fr,Congo-Brazzaville
2453,pt,Congo-Brazzaville
2454,en,Cook Islands
2454,fr,Îles Cook
2454,pt,Ilhas Cook
2455,en,Comoros
2455,fr,Comores
2455,pt,Comores
2456,en,Cape Verde
2456,fr,Cap-Vert
2458,en,Curaçao
2458,fr,Curaçao
2458,pt,Curaçau
2459,en,Christmas Island
2459,fr,Île Christmas
2459,pt,Ilha do Natal
2460,en,Cayman Islands
2460,fr,Îles Caïmans
2460,pt,Ilhas Caimão
2461,en,Cyprus
2461,fr,Chypre
2463,en,Germany
2463,fr,Allemagne
2463,pt,Alemanha
2464,en,Djibouti
2464,fr,Djibouti
2464,pt,Jibuti
2465,fr,Dominique
2465,pt,Domínica
2470,fr,Érythrée
2470,pt,Eritreia
2471,en,Western Sahara
2471,fr,Sahara occidental
2471,pt,Sara Ocidental
2473,fr,Estonie
2473,pt,Estónia
2476,en,Fiji
2476,fr,Fidji
2476,pt,Fiji
2477,en,Falkland Islands
2477,fr,Îles Malouines
2477,pt,Ilhas Falkland
2479,en,Faroe Islands
2479,fr,Îles Féroé
2479,pt,Ilhas Faroé
2480,fr,Micronésie
2480,pt,Micronésia
2481,en,Gabon
2481,fr,Gabon
2481,pt,Gabão
2483,fr,Géorgie
2483,pt,Geórgia
2484,en,Guernsey
2485,pt,Gana
2487,fr,Guinée
2487,pt,Guiné
2488,en,Guadeloupe
2488,fr,Guadeloupe
2489,fr,Gambie
2489,pt,Gâmbia
2490,en,Guinea-Bissau
2490,fr,Guinée-Bissau
2490,pt,Guiné-Bissau
2491,en,Equatorial Guinea
2491,fr,Guinée équatoriale
2491,pt,Guiné Equatorial
2494,en,Greenland
2494,fr,Groenland
2494,pt,Gronelândia
2496,en,French Guiana
2496,fr,Guyane française
2496,pt,Guiana Francesa
2497,pt,Guame
2498,pt,Guiana
2499,en,Heard & McDonald Islands
2499,fr,Îles Heard-et-MacDonald
2499,pt,Ilhas Heard e McDonald
2502,en,Haiti
2502,fr,Haïti
2502,pt,Haiti
2504,en,Isle of Man
2504,fr,Île de Man
2504,pt,Ilha de Man
2505,en,British Indian Ocean Territory
2505,fr,Territoire britannique de l’océan Indien
2505,pt,Território Britânico do Oceano Índico
2507,en,Iran
2507,fr,Iran
2507,pt,Irão
2508,en,Iraq
2508,pt,Iraque
2510,en,Italy
2510,fr,Italie
2510,pt,Itália
2511,fr,Jamaïque
2513,en,Jordan
2513,fr,Jordanie
2513,pt,Jordânia
2515,en,Kazakhstan
2515,fr,Kazakhstan
2515,pt,Cazaquistão
2517,en,Kyrgyzstan
2517,fr,Kirghizstan
2517,pt,Quirguistão
2518,en,Cambodia
2518,fr,Cambodge
2518,pt,Camboja
2519,pt,Quiribáti
2520,en,St. Kitts & Nevis
2520,fr,Saint-Christophe-et-Niévès
2520,pt,São Cristóvão e Neves
2522,fr,Koweït
2522,pt,Koweit
2524,en,Lebanon
2524,fr,Liban
2525,pt,Libéria
2526,en,Libya
2526,fr,Libye
2526,pt,Líbia
2527,en,St. Lucia
2527,fr,Sainte-Lucie
2527,pt,Santa Lúcia
2528,pt,Listenstaine
2529,pt,Sri Lanca
2530,en,Lesotho
2530,fr,Lesotho
2531,en,Lithuania
2531,fr,Lituanie
2531,pt,Lituânia
2532,en,Luxembourg
2532,fr,Luxembourg
2533,en,Latvia
2533,fr,Lettonie
2533,pt,Letónia
2534,en,Macao SAR China
2534,fr,R.A.S. chinoise de Macao
2534,pt,"Macau, RAE da China"
2535,en,St. Martin
2535,fr,Saint-Martin
2535,pt,São Martinho (Saint-Martin)
2537,en,Moldova
2537,fr,Moldavie
2537,pt,Moldávia
2538,en,Maldives
2538,fr,Maldives
2539,en,Marshall Islands
2539,fr,Îles Marshall
2539,pt,Ilhas Marshall
2540,en,North Macedonia
2540,fr,Macédoine du Nord
2540,pt,Macedónia do Norte
2542,en,Myanmar (Burma)
2542,fr,Myanmar (Birmanie)
2542,pt,Mianmar (Birmânia)
2543,fr,Monténégro
2544,fr,Mongolie
2544,pt,Mongólia
2545,en,Northern Mariana Islands
2545,fr,Îles Mariannes du Nord
2545,pt,Ilhas Marianas do Norte
2546,pt,Moçambique
2547,fr,Mauritanie
2547,pt,Mauritânia
2548,pt,Monserrate
2549,en,Martinique
2549,fr,Martinique
2550,en,Mauritius
2550,fr,Maurice
2550,pt,Maurícia
2551,en,Malawi
2551,fr,Malawi
2551,pt,Maláui
2552,en,Malaysia
2552,fr,Malaisie
2552,pt,Malásia
2553,pt,Maiote
2554,fr,Namibie
2554,pt,Namíbia
2555,en,New Caledonia
2555,fr,Nouvelle-Calédonie
2555,pt,Nova Caledónia
2556,en,Niger
2556,fr,Niger
2557,en,Norfolk Island
2557,fr,Île Norfolk
2557,pt,Ilha Norfolk
2558,pt,Nicarágua
2559,pt,Niuê
2562,fr,Népal
2564,en,New Zealand
2564,fr,Nouvelle-Zélande
2564,pt,Nova Zelândia
2565,en,Oman
2565,fr,Oman
2565,pt,Omã
2566,en,Pakistan
2566,fr,Pakistan
2566,pt,Paquistão
2567,en,Panama
2567,fr,Panama
2568,en,Pitcairn Islands
2568,fr,Îles Pitcairn
2568,pt,Ilhas Pitcairn
2570,en,Palau
2570,pt,Palau
2571,en,Papua New Guinea
2571,fr,Papouasie-Nouvelle-Guinée
2571,pt,Papua-Nova Guiné
2573,fr,Porto Rico
2573,pt,Porto Rico
2574,en,North Korea
2574,fr,Corée du Nord
2574,pt,Coreia do Norte
2575,en,Palestinian Territories
2575,fr,Territoires palestiniens
2575,pt,Territórios palestinianos
2576,en,French Polynesia
2576,fr,Polynésie française
2576,pt,Polinésia Francesa
2577,en,Qatar
2577,fr,Qatar
2578,en,Réunion
2578,fr,La Réunion
2578,pt,Reunião
2581,en,Rwanda
2581,fr,Rwanda
2583,en,Sudan
2583,fr,Soudan
2583,pt,Sudão
2584,fr,Sénégal
2585,en,Singapore
2585,fr,Singapour
2585,pt,Singapura
2586,en,South Georgia & South Sandwich Islands
2586,fr,Géorgie du Sud-et-les Îles Sandwich du Sud
2586,pt,Ilhas Geórgia do Sul e Sandwich do Sul
2587,en,St. Helena
2587,fr,Sainte-Hélène
2587,pt,Santa Helena
2588,en,Svalbard & Jan Mayen
2588,fr,Svalbard et Jan Mayen
2588,pt,Svalbard e Jan Mayen
2589,en,Solomon Islands
2589,fr,Îles Salomon
2589,pt,Ilhas Salomão
2590,en,Sierra Leone
2590,fr,Sierra Leone
2590,pt,Serra Leoa
2591,fr,Salvador
2591,pt,Salvador
2592,fr,Saint-Marin
2592,pt,São Marinho
2593,fr,Somalie
2593,pt,Somália
2594,en,St. Pierre & Miquelon
2594,fr,Saint-Pierre-et-Miquelon
2594,pt,São Pedro e Miquelão
2595,fr,Serbie
2595,pt,Sérvia
2596,en,South Sudan
2596,fr,Soudan du Sud
2596,pt,Sudão do Sul
2597,en,São Tomé & Príncipe
2597,fr,Sao Tomé-et-Principe
2597,pt,São Tomé e Príncipe
2598,en,Suriname
2598,fr,Suriname
2598,pt,Suriname
2599,en,Slovakia
2599,fr,Slovaquie
2599,pt,Eslováquia
2600,en,Slovenia
2600,fr,Slovénie
2600,pt,Eslovénia
2602,en,Eswatini
2602,fr,Eswatini
2602,pt,Essuatíni
2603,fr,Saint-Martin (partie néerlandaise)
2603,pt,São Martinho (Sint Maarten)
2604,pt,Seicheles
2605,en,Syria
2605,fr,Syrie
2605,pt,Síria
2606,en,Turks & Caicos Islands
2606,fr,Îles Turques-et-Caïques
2606,pt,Ilhas Turcas e Caicos
2607,fr,Tchad
2607,pt,Chade
2610,en,Tajikistan
2610,fr,Tadjikistan
2610,pt,Tajiquistão
2611,pt,Toquelau
2612,en,Turkmenistan
2612,fr,Turkménistan
2612,pt,Turquemenistão
2613,fr,Timor oriental
2615,en,Trinidad & Tobago
2615,fr,Trinité-et-Tobago
2615,pt,Trindade e Tobago
2619,en,Taiwan
2619,fr,Taïwan
2619,pt,Taiwan
2620,fr,Tanzanie
2620,pt,Tanzânia
2621,fr,Ouganda
2623,en,U.S. Outlying Islands
2623,fr,Îles mineures éloignées des États-Unis
2623,pt,Ilhas Menores Afastadas dos EUA
2625,en,Uzbekistan
2625,fr,Ouzbékistan
2625,pt,Usbequistão
2626,en,Vatican City
2626,fr,Cité du Vatican
2626,pt,Cidade do Vaticano
2627,en,St. Vincent & Grenadines
2627,fr,Saint-Vincent-et-les Grenadines
2627,pt,São Vicente e Granadinas
2629,en,British Virgin Islands
2629,fr,Îles Vierges britanniques
2629,pt,Ilhas Virgens Britânicas
2630,en,U.S. Virgin Islands
2630,fr,Îles Vierges des États-Unis
2630,pt,Ilhas Virgens dos EUA
2632,en,Wallis & Futuna
2632,fr,Wallis-et-Futuna
2632,pt,Wallis e Futuna
2634,fr,Yémen
2634,pt,Iémen
2636,fr,Zambie
2636,pt,Zâmbia
2637,en,Zimbabwe
2637,fr,Zimbabwe
2637,pt,Zimbabué
2724,en,Mission: Impossible
2724,fr,Mission: Impossible
2724,pt,Missão: Impossível
2729,en,The Avengers
2729,fr,Avengers
2729,pt,Os Vingadores
2732,en,Corpse Bride
2732,fr,Les Noces funèbres
2732,pt,A Noiva Cadáver
2733,en,"The Good, the Bad and the Ugly"
2733,fr,"Le Bon, la Brute et le Truand"
2733,pt,"O Bom, o Mau e o Vilão"
2734,en,A Fistful of Dollars
2734,fr,Pour une poignée de dollars
2734,pt,Por um Punhado de Dólares
2735,en,Once Upon a Time in America
2735,fr,Il était une fois en Amérique
2735,pt,Era Uma Vez na América
2736,en,Once Upon a Time in the West
2736,fr,Il était une fois dans l'Ouest
2736,pt,Era Uma Vez no Oeste
2737,en,Gremlins
2737,fr,Gremlins
2737,pt,Gremlins
2739,en,Bram Stoker's Dracula
2739,fr,Dracula
2740,en,The Phantom of the Opera
2740,fr,Le Fantôme de l'Opéra
2740,pt,O Fantasma da Ópera
2741,en,PAW Patrol
2741,fr,La Pat' Patrouille
2741,pt,Patrulha Pata
2746,en,Saint Seiya
2746,fr,Les Chevaliers du Zodiaque
2746,pt,Cavaleiros do Zodíaco
2764,en,Sandy Cheeks
2764,fr,Sandy Écureuil
2764,pt,Sandy Bochechas
2779,en,Mr. Potato Head
2779,fr,Monsieur Patate
2779,pt,Sr. Cabeça de Batata
2781,en,Puss in Boots
2781,fr,Le Chat potté
2781,pt,Gato das Botas
2784,fr,Musclor
2785,pt,Esqueleto
2787,en,Smurf
2787,fr,Schtroumpf
2787,pt,Smurf
2838,en,Louvre Museum
2838,fr,musée du Louvre
2838,pt,Museu do Louvre
2840,en,Acropolis
2840,fr,Acropole
2840,pt,Acrópole
2841,en,White House
2841,fr,Maison-Blanche
2841,pt,Casa Branca
2845,en,Monte Carlo
2845,fr,Monte-Carlo
2845,pt,Monte Carlo
2852,en,The Fairly OddParents
2852,fr,Mes parrains sont magiques
2852,pt,Os Padrinhos Mágicos
2863,en,Married... with Children
2863,fr,"Mariés, deux enfants"
2863,pt,Married... with Children
2926,en,Like Water for Chocolate
2926,fr,Chocolat amer
2926,pt,Como Água para Chocolate
2927,en,The Hunchback of Notre-Dame
2927,fr,Notre-Dame de Paris
2927,pt,Nossa Senhora de Paris
2929,en,The Brothers Karamazov
2929,fr,Les Frères Karamazov
2929,pt,Os Irmãos Karamázov
2931,en,To Kill a Mockingbird
2931,fr,Ne tirez pas sur l'oiseau moqueur
2931,pt,"Por Favor, Não Matem a Cotovia"
2932,en,The Grapes of Wrath
2932,fr,Les Raisins de la colère
2932,pt,As Vinhas da Ira
2933,en,The Catcher in the Rye
2933,fr,L'Attrape-cœurs
2933,pt,À Espera no Centeio
2941,en,The Truth About the Harry Quebert Affair
2941,fr,La Vérité sur l'affaire Harry Quebert
2941,pt,A Verdade sobre o Caso Harry Quebert
2944,en,Pet Sematary
2944,fr,Simetierre
2944,pt,Cemitério de Animais
2945,en,Blindness
2945,fr,L'Aveuglement
2945,pt,Ensaio sobre a Cegueira
2947,en,The Kite Runner
2947,fr,Les Cerfs-volants de Kaboul
2947,pt,O Menino de Cabul
2948,en,Life of Pi
2948,fr,L'Histoire de Pi
2948,pt,A Vida de Pi
2949,en,The Physician
2949,fr,Le Médecin d'Ispahan
2949,pt,O Físico
2950,en,Foundation
2950,fr,Fondation
2950,pt,Fundação
2951,en,"I, Robot"
2951,fr,Les Robots
2951,pt,"Eu, Robô"
2952,en,Neuromancer
2952,fr,Neuromancien
2991,en,The Clothed Maja
2991,fr,La Maja vêtue
2991,pt,A Maja Vestida
2992,en,David
2992,fr,David
2992,pt,David
2993,en,The School of Athens
2993,fr,L'École d'Athènes
2993,pt,A Escola de Atenas
2994,en,Les Demoiselles d'Avignon
2994,fr,Les Demoiselles d'Avignon
2994,pt,Les Demoiselles d'Avignon
2995,en,The Son of Man
2995,fr,Le Fils de l'homme
2995,pt,O Filho do Homem
3000,en,Water Lilies
3000,fr,Les Nymphéas
3001,en,Luncheon of the Boating Party
3001,fr,Le Déjeuner des canotiers
3001,pt,Almoço dos Remadores
3002,en,Degas' Dancer
3002,fr,Danseuse de Degas
3003,en,The Raft of the Medusa
3003,fr,Le Radeau de La Méduse
3003,pt,A Jangada da Medusa
3004,en,The Third of May 1808
3004,fr,Tres de mayo
3004,pt,O 3 de Maio de 1808
3005,en,The Colossus
3005,fr,Le Colosse
3005,pt,O Colosso
3006,en,The Night Watch
3006,fr,La Ronde de nuit
3006,pt,A Ronda da Noite
3007,en,The Rape of the Sabine Women
3007,fr,L'Enlèvement des Sabines
3007,pt,O Rapto das Sabinas
3008,en,The Art of War
3008,fr,L'Art de la guerre
3008,pt,A Arte da Guerra
3024,en,Guggenheim Museum
3024,fr,musée Guggenheim
3024,pt,Museu Guggenheim
3027,en,Persephone
3027,fr,Perséphone
3029,en,Cronus
3030,en,Rhea
3030,fr,Rhéa
3030,pt,Reia
3031,en,Gaia
3031,fr,Gaïa
3031,pt,Gaia
3032,fr,Éros
3033,en,Nemesis
3033,fr,Némésis
3034,en,Lernaean Hydra
3034,fr,Hydre de Lerne
3035,en,Baldr
3035,fr,Baldr
3038,fr,Jörmungand
3039,fr,Seth
3040,en,Thoth
3040,pt,Tote
3041,en,Kukulkan
3041,fr,Kukulkan
3055,en,Reykjavik
3055,fr,Reykjavik
3055,pt,Reiquiavique
3056,en,Zurich
3056,fr,Zurich
3056,pt,Zurique
3057,en,Naples
3057,fr,Naples
3058,en,Abu Dhabi
3058,fr,Abou Dabi
3058,pt,Abu Dhabi
3059,en,"Washington, D.C."
3059,fr,Washington
3059,pt,"Washington, D.C."
3061,en,Sardinia
3061,fr,Sardaigne
3061,pt,Sardenha
3062,en,Crete
3062,fr,Crète
3063,en,Tahiti
3063,fr,Tahiti
3063,pt,Taiti
3064,en,Nile
3064,fr,Nil
3064,pt,Rio Nilo
3067,en,Great Barrier Reef
3067,fr,Grande Barrière de corail
3067,pt,Grande Barreira de Coral
3068,en,Caribbean Sea
3068,fr,mer des Caraïbes
3068,pt,Mar das Caraíbas
3069,en,Atlantic Ocean
3069,fr,océan Atlantique
3069,pt,Oceano Atlântico
3070,en,Pacific Ocean
3070,fr,océan Pacifique
3070,pt,Oceano Pacífico
3071,en,Lake Baikal
3071,fr,lac Baïkal
3072,en,Lake Victoria
3072,fr,lac Victoria
3072,pt,Lago Vitória
3073,en,River Thames
3073,fr,Tamise
3073,pt,Rio Tamisa
3074,en,Seine
3074,fr,Seine
3074,pt,Rio Sena
3075,en,Danube
3075,fr,Danube
3075,pt,Rio Danúbio
3076,en,Amazon River
3076,fr,Amazone
3076,pt,Rio Amazonas
3077,en,Chichen Itza
3082,en,Rick Sanchez
3082,fr,Rick Sanchez
3082,pt,Rick Sanchez
3098,en,Scarface
3098,fr,Scarface
3098,pt,Scarface
3099,en,Star Wars
3099,fr,Star Wars
3099,pt,Star Wars
3101,en,Black Hawk Down
3101,fr,La Chute du faucon noir
3101,pt,Black Hawk Down
3103,en,The Butterfly Effect
3103,fr,L'Effet papillon
3103,pt,Efeito Borboleta
3104,en,Superbad
3104,fr,SuperGrave
3104,pt,Superbad
3105,en,There's Something About Mary
3105,fr,Mary à tout prix
3105,pt,Doidos por Mary
3106,en,Liar Liar
3106,fr,"Menteur, menteur"
3106,pt,O Mentiroso Compulsivo
3107,en,Asterix & Obelix
3107,fr,Astérix et Obélix
3107,pt,Astérix e Obélix
3114,en,Pain and Glory
3114,fr,Douleur et Gloire
3114,pt,Dor e Glória
3117,en,Tasmanian Devil
3123,en,Queen of Hearts
3123,fr,Reine de cœur
3123,pt,Rainha de Copas
3130,en,Hector
3130,fr,Hector
3705,en,Strait of Gibraltar
3705,fr,détroit de Gibraltar
3705,pt,Estreito de Gibraltar
3708,en,North Sea
3708,fr,mer du Nord
3708,pt,Mar do Norte
3709,en,English Channel
3709,fr,La Manche
3709,pt,Canal da Mancha
3710,en,Red Sea
3710,fr,mer Rouge
3710,pt,Mar Vermelho
3711,en,Persian Gulf
3711,fr,golfe Persique
3712,en,Sea of Japan
3712,fr,mer du Japon
3712,pt,Mar do Japão
3713,en,South China Sea
3713,fr,mer de Chine méridionale
3713,pt,Mar da China Meridional
3716,en,Philadelphia
3716,fr,Philadelphie
3716,pt,Filadélfia
3727,en,Cartagena
3727,fr,Carthagène des Indes
3727,pt,Cartagena das Índias
3729,en,Galápagos Islands
3729,fr,îles Galápagos
3732,en,Easter Island
3732,fr,île de Pâques
3732,pt,Ilha de Páscoa
3734,en,Zanzibar
3734,fr,Zanzibar
3734,pt,Zanzibar
3736,en,Suez Canal
3736,fr,canal de Suez
3736,pt,Canal do Suez
3738,en,Amman
3738,fr,Amman
3738,pt,Amã
3741,en,Mecca
3741,fr,La Mecque
3741,pt,Meca
3743,en,Tehran
3743,fr,Téhéran
3743,pt,Teerão
3747,en,Tibet
3747,fr,Tibet
3747,pt,Tibete
3766,en,Scotland
3766,fr,Écosse
3766,pt,Escócia
3767,en,Wales
3767,fr,pays de Galles
3767,pt,País de Gales
3770,fr,Bosnie
3770,pt,Bósnia
3771,en,Warsaw
3771,fr,Varsovie
3771,pt,Varsóvia
3772,en,Kraków
3772,fr,Cracovie
3772,pt,Cracóvia
3773,en,Bucharest
3773,pt,Bucareste
3775,en,Ljubljana
3775,fr,Ljubljana
3776,en,Belgrade
3776,fr,Belgrade
3777,en,Sofia
3777,fr,Sofia
3777,pt,Sófia
3778,en,Tallinn
3778,fr,Tallinn
3778,pt,Tallinn
3780,en,Vilnius
3780,fr,Vilnius
3780,pt,Vilnius
4033,en,The Omen
4033,fr,La Malédiction
4033,pt,A Profecia
4035,en,Final Destination
4035,fr,Destination finale
4035,pt,Destino Final
4036,en,The Conjuring
4036,fr,Conjuring : Les Dossiers Warren
4036,pt,The Conjuring - A Evocação
4041,en,Get Out
4041,fr,Get Out
4041,pt,Foge
4042,en,A Quiet Place
4042,fr,Sans un bruit
4042,pt,Um Lugar Silencioso
4043,en,The Witch
4043,fr,The Witch
4043,pt,A Bruxa
4046,en,The Blair Witch Project
4046,fr,Le Projet Blair Witch
4046,pt,O Projeto Blair Witch
4047,en,Black Swan
4047,fr,Black Swan
4047,pt,Cisne Negro
4048,en,Requiem for a Dream
4048,fr,Requiem for a Dream
4048,pt,Requiem por um Sonho
4055,en,12 Years a Slave
4055,fr,12 Years a Slave
4055,pt,12 Anos Escravo
4057,en,Parasite
4057,fr,Parasite
4057,pt,Parasitas
4058,en,Everything Everywhere All at Once
4058,fr,Everything Everywhere All at Once
4058,pt,Tudo em Todo o Lado ao Mesmo Tempo
4060,en,The Wolf of Wall Street
4060,fr,Le Loup de Wall Street
4060,pt,O Lobo de Wall Street
4065,en,A.I. Artificial Intelligence
4065,fr,A.I. Intelligence artificielle
4065,pt,A.I. Inteligência Artificial
4066,en,War of the Worlds
4066,fr,La Guerre des mondes
4066,pt,Guerra dos Mundos
4069,en,Total Recall
4069,fr,Total Recall
4069,pt,Desafio Total
4076,en,Ralph Breaks the Internet
4076,fr,Ralph 2.0
4076,pt,Ralph vs Internet
4078,en,Finding Dory
4078,fr,Le Monde de Dory
4078,pt,À Procura de Dory
4079,en,Planes
4079,fr,Planes
4079,pt,Aviões
4080,en,The Secret Life of Pets
4080,fr,Comme des bêtes
4080,pt,A Vida Secreta dos Nossos Bichos
4084,en,Puss in Boots
4084,fr,Le Chat potté
4084,pt,O Gato das Botas
4091,en,The Super Mario Bros. Movie
4091,fr,"Super Mario Bros., le film"
4091,pt,Super Mario Bros. O Filme
4092,en,Sonic the Hedgehog
4092,fr,"Sonic, le film"
4092,pt,Sonic - O Filme
4205,en,Princess Leia
4205,fr,Princesse Leia
